{
  "accuracy": 0.903,
  "report": {
    "Approved": {
      "precision": 0.9338422391857506,
      "recall": 0.9422336328626444,
      "f1-score": 0.9380191693290735,
      "support": 779.0
    },
    "Rejected": {
      "precision": 0.7897196261682243,
      "recall": 0.7647058823529411,
      "f1-score": 0.7770114942528735,
      "support": 221.0
    },
    "accuracy": 0.903,
    "macro avg": {
      "precision": 0.8617809326769874,
      "recall": 0.8534697576077928,
      "f1-score": 0.8575153317909735,
      "support": 1000.0
    },
    "weighted avg": {
      "precision": 0.9019911417088773,
      "recall": 0.903,
      "f1-score": 0.9024364731372333,
      "support": 1000.0
    }
  }
}